{"name": "Oven", "lastHeatTemp": 177.07879326162873, "lastHeatTime": 1623511353.1044528, "demoMode": false}