{"name": "Oven", "lastHeatTemp": 192.91972334352275, "lastHeatTime": 1623410853.3541815, "demoMode": true}