{"name": "Oven", "lastHeatTemp": 203.546727568777, "lastHeatTime": 1623405764.1916683}